Documento Cliente,Nombre Producto,Valor Unitario,Total Producto,Precio Total
1234567890,Martillo,10.0,2,20.0
1234567890,Martillo,10.0,2,20.0
1234567890,Martillo,10.0,2,20.0
1234567890,Martillo,10.0,2,20.0
1234567890,Martillo,10.0,2,20.0
1234567890,Martillo,10.0,2,20.0
1234567890,Martillo,10.0,2,20.0
1234567890,Martillo,10.0,2,20.0
1234567890,Martillo,10.0,2,20.0
1234567890,Martillo,10.0,2,20.0
1234567890,Martillo,10.0,2,20.0
1234567890,Martillo,10.0,2,20.0
1234567890,Martillo,10.0,2,20.0
1234567890,Martillo,10.0,2,20.0
1234567890,Martillo,10.0,2,20.0
1234567890,Martillo,10.0,2,20.0
1234567890,Martillo,10.0,2,20.0
